run,total_spans,linked_spans,linked_fraction
semantic,574,535,0.9320557491289199
syntactic,574,371,0.6463414634146342
